{
  "#README": "This config file does not support comments. To see them configure it in-game using YACL or Cloth Config",
  "general": {
    "creative_tab": true,
    "assets_depend_on_loaded_packs": true,
    "save_debug_resources": false,
    "debug_packet": false
  },
  "types": {
    "cake": {
      "createaddition.chocolate_cake": true,
      "createaddition.honey_cake": true
    },
    "leaves_type": {
      "biomemakeover.blighted_balsa": true,
      "biomemakeover.willow": true,
      "biomemakeover.swamp_cypress": true,
      "biomemakeover.ancient_oak": true,
      "chipped.apple_acacia": true,
      "chipped.cherry_acacia": true,
      "chipped.dead_acacia": true,
      "chipped.frosted_acacia": true,
      "chipped.golden_acacia": true,
      "chipped.golden_apple_acacia": true,
      "chipped.golden_cherry_acacia": true,
      "chipped.magenta_flower_acacia": true,
      "chipped.orange_acacia": true,
      "chipped.red_acacia": true,
      "chipped.white_flower_acacia": true,
      "chipped.apple_birch": true,
      "chipped.cherry_birch": true,
      "chipped.dead_birch": true,
      "chipped.frosted_birch": true,
      "chipped.golden_birch": true,
      "chipped.golden_apple_birch": true,
      "chipped.golden_cherry_birch": true,
      "chipped.magenta_flower_birch": true,
      "chipped.orange_birch": true,
      "chipped.red_birch": true,
      "chipped.white_flower_birch": true,
      "chipped.apple_dark_oak": true,
      "chipped.cherry_dark_oak": true,
      "chipped.dead_dark_oak": true,
      "chipped.frosted_dark_oak": true,
      "chipped.golden_dark_oak": true,
      "chipped.golden_apple_dark_oak": true,
      "chipped.golden_cherry_dark_oak": true,
      "chipped.magenta_flower_dark_oak": true,
      "chipped.orange_dark_oak": true,
      "chipped.red_dark_oak": true,
      "chipped.white_flower_dark_oak": true,
      "chipped.apple_jungle": true,
      "chipped.cherry_jungle": true,
      "chipped.dead_jungle": true,
      "chipped.frosted_jungle": true,
      "chipped.golden_jungle": true,
      "chipped.golden_apple_jungle": true,
      "chipped.golden_cherry_jungle": true,
      "chipped.magenta_flower_jungle": true,
      "chipped.orange_jungle": true,
      "chipped.red_jungle": true,
      "chipped.white_flower_jungle": true,
      "chipped.apple_oak": true,
      "chipped.cherry_oak": true,
      "chipped.dead_oak": true,
      "chipped.frosted_oak": true,
      "chipped.golden_oak": true,
      "chipped.golden_apple_oak": true,
      "chipped.golden_cherry_oak": true,
      "chipped.magenta_flower_oak": true,
      "chipped.orange_oak": true,
      "chipped.red_oak": true,
      "chipped.white_flower_oak": true,
      "chipped.apple_spruce": true,
      "chipped.cherry_spruce": true,
      "chipped.dead_spruce": true,
      "chipped.frosted_spruce": true,
      "chipped.golden_spruce": true,
      "chipped.golden_apple_spruce": true,
      "chipped.golden_cherry_spruce": true,
      "chipped.magenta_flower_spruce": true,
      "chipped.orange_spruce": true,
      "chipped.red_spruce": true,
      "chipped.white_flower_spruce": true,
      "croptopia.cinnamon": true,
      "vinery.grapevine": true,
      "vinery.cherry": true,
      "vinery.apple": true,
      "promenade.sap_maple": true,
      "promenade.vermilion_maple": true,
      "promenade.fulvous_maple": true,
      "promenade.mikado_maple": true,
      "promenade.palm": true,
      "promenade.snowy_spruce": true,
      "terrestria.cypress": true,
      "terrestria.hemlock": true,
      "terrestria.rainbow_eucalyptus": true,
      "terrestria.redwood": true,
      "terrestria.japanese_maple": true,
      "terrestria.rubber": true,
      "terrestria.willow": true,
      "terrestria.sakura": true,
      "terrestria.yucca_palm": true,
      "terrestria.dark_japanese_maple": true,
      "terrestria.japanese_maple_shrub": true,
      "terrestria.jungle_palm": true,
      "traverse.red_autumnal": true,
      "traverse.brown_autumnal": true,
      "traverse.orange_autumnal": true,
      "traverse.yellow_autumnal": true,
      "traverse.fir": true
    },
    "wood_type": {
      "betterarcheology.rotten": true,
      "biomemakeover.blighted_balsa": true,
      "biomemakeover.willow": true,
      "biomemakeover.swamp_cypress": true,
      "biomemakeover.ancient_oak": true,
      "promenade.sakura": true,
      "promenade.maple": true,
      "promenade.palm": true,
      "promenade.dark_amaranth": true,
      "terrestria.cypress": true,
      "terrestria.hemlock": true,
      "terrestria.rainbow_eucalyptus": true,
      "terrestria.redwood": true,
      "terrestria.japanese_maple": true,
      "terrestria.rubber": true,
      "terrestria.willow": true,
      "terrestria.sakura": true,
      "terrestria.yucca_palm": true,
      "traverse.fir": true
    }
  },
  "entries": {
    "leaves_type": {
      "mcwfences.hedge": true
    },
    "wood_type": {
      "chipped.fine_planks": true,
      "chipped.checkered_trapdoor": true,
      "mcwroofs.top_roof": true,
      "chipped.tiled_door": true,
      "mcwroofs.lower_roof": true,
      "chipped.pegged_planks": true,
      "mcwdoors.japanese2_door": true,
      "chipped.secret_door": true,
      "chipped.smooth_planks": true,
      "chipped.bared_glass": true,
      "chipped.ornate_bared_glass": true,
      "mcwbridges.bridge_pier": true,
      "chipped.hewn_planks": true,
      "mcwroofs.planks_roof": true,
      "mcwdoors.tropical_door": true,
      "mcwdoors.barn_glass_door": true,
      "mcwroofs.steep_roof": true,
      "mcwdoors.four_panel_door": true,
      "chipped.beach_door": true,
      "chipped.fine_vertical_planks": true,
      "chipped.diamond_bordered_glass": true,
      "mcwtrpdoors.swamp_trapdoor": true,
      "chipped.distorted_trapdoor": true,
      "mcwpaths.planks_path": true,
      "chipped.iron_barred_trapdoor": true,
      "mcwwindows.plank_four_window": true,
      "mcwfences.picket_fence": true,
      "chipped.whirlwind_planks": true,
      "chipped.large_diamond_glass_pane": true,
      "mcwwindows.window2": true,
      "chipped.framed_planks": true,
      "chipped.square_glass": true,
      "chipped.vined_trapdoor": true,
      "chipped.barrel": true,
      "farmersdelight.cabinet": true,
      "chipped.detailed_planks": true,
      "mcwtrpdoors.cottage_trapdoor": true,
      "chipped.cobweb_trapdoor": true,
      "chipped.barred_trapdoor": true,
      "twigs.table": true,
      "mcwbridges.rope_bridge": true,
      "chipped.airy_trapdoor": true,
      "mcwfences.wired_fence": true,
      "chipped.pressed_door": true,
      "chipped.planks_panel": true,
      "mcwbridges.log_bridge_middle": true,
      "mcwwindows.stripped_log_window": true,
      "chipped.solid_trapdoor": true,
      "chipped.boarded_door": true,
      "chipped.meshed_trapdoor": true,
      "chipped.fancy_trapdoor": true,
      "chipped.paper_door": true,
      "mcwlights.soul_tiki_torch": true,
      "mcwtrpdoors.classic_trapdoor": true,
      "chipped.basket_woven_planks": true,
      "mcwtrpdoors.bamboo_trapdoor": true,
      "chipped.enclosed_planks": true,
      "chipped.double_herringbone_planks": true,
      "chipped.crated_planks": true,
      "mcwdoors.cottage_door": true,
      "mcwwindows.plank_window2": true,
      "chipped.classic_windowed_trapdoor": true,
      "chipped.wickered_planks": true,
      "mcwtrpdoors.barn_trapdoor": true,
      "mcwtrpdoors.four_panel_trapdoor": true,
      "chipped.heavy_trapdoor": true,
      "chipped.laced_planks": true,
      "chipped.boxed_planks": true,
      "chipped.reinforced_crate": true,
      "mcwdoors.swamp_door": true,
      "chipped.large_diamond_glass": true,
      "chipped.snowflake_glass_pane": true,
      "chipped.bricky_planks": true,
      "chipped.slotted_trapdoor": true,
      "mcwtrpdoors.barred_trapdoor": true,
      "mcwroofs.planks_top_roof": true,
      "chipped.polished_planks": true,
      "chipped.ornate_bared_glass_pane": true,
      "friendsandfoes.beehive": true,
      "mcwbridges.log_bridge_stair": true,
      "chipped.wall_torch": true,
      "mcwdoors.barn_door": true,
      "chipped.glass_door": true,
      "chipped.paneled_door": true,
      "chipped.leafy_trapdoor": true,
      "chipped.pointless_trapdoor": true,
      "chipped.planks_shavings": true,
      "mcwfences.pyramid_gate": true,
      "mcwdoors.classic_door": true,
      "chipped.windowed_trapdoor": true,
      "chipped.tile_windowed_door": true,
      "chipped.golden_barred_trapdoor": true,
      "mcwroofs.planks_upper_steep_roof": true,
      "chipped.overgrown_trapdoor": true,
      "chipped.overgrown_door": true,
      "chipped.windowed_door": true,
      "chipped.classic_trapdoor": true,
      "chipped.circle_glass": true,
      "mcwtrpdoors.ranch_trapdoor": true,
      "mcwwindows.louvered_shutter": true,
      "chipped.torch": true,
      "chipped.screen_door": true,
      "mcwfences.highley_gate": true,
      "chipped.crossed_planks": true,
      "mcwroofs.upper_steep_roof": true,
      "mcwtrpdoors.beach_trapdoor": true,
      "chipped.cross_laced_planks": true,
      "chipped.railed_planks": true,
      "mcwwindows.plank_pane_window": true,
      "chipped.planks_mosaic": true,
      "mcwtrpdoors.glass_trapdoor": true,
      "chipped.circle_glass_pane": true,
      "chipped.versailles_planks": true,
      "mcwtrpdoors.blossom_trapdoor": true,
      "mcwroofs.upper_lower_roof": true,
      "mcwwindows.stripped_log_window2": true,
      "mcwdoors.beach_door": true,
      "mcwwindows.log_parapet": true,
      "chipped.woven_glass": true,
      "mcwroofs.attic_roof": true,
      "mcwroofs.planks_upper_lower_roof": true,
      "mcwtrpdoors.tropical_trapdoor": true,
      "mcwwindows.stripped_log_four_window": true,
      "chipped.woven_trapdoor": true,
      "mcwlights.tiki_torch": true,
      "chipped.gated_door": true,
      "chipped.supported_door": true,
      "chipped.line_bared_glass_pane": true,
      "chipped.horizontal_lined_glass_pane": true,
      "mcwdoors.japanese_door": true,
      "chipped.line_bared_glass": true,
      "chipped.slanted_planks": true,
      "chipped.barred_door": true,
      "mcwfences.stockade_fence": true,
      "chipped.suspicious_trapdoor": true,
      "mcwtrpdoors.paper_trapdoor": true,
      "chipped.herringbone_planks": true,
      "mcwtrpdoors.bark_trapdoor": true,
      "chipped.vertically_railed_planks": true,
      "mcwdoors.stable_door": true,
      "mcwdoors.modern_door": true,
      "chipped.bared_glass_pane": true,
      "chipped.diamond_bordered_glass_pane": true,
      "mcwdoors.nether_door": true,
      "chipped.tiled_planks": true,
      "chipped.dual_paneled_door": true,
      "chipped.square_glass_pane": true,
      "mcwdoors.stable_head_door": true,
      "mcwwindows.plank_window": true,
      "chipped.thin_planks": true,
      "chipped.warted_trapdoor": true,
      "create.window_pane": true,
      "mcwroofs.roof": true,
      "chipped.horizontal_lined_glass": true,
      "mcwbridges.rope_bridge_stair": true,
      "mcwroofs.planks_attic_roof": true,
      "mcwwindows.pane_window": true,
      "chipped.natural_planks": true,
      "mcwdoors.western_door": true,
      "mcwwindows.stripped_pane_window": true,
      "chipped.brick_bond_planks": true,
      "mcwdoors.paper_door": true,
      "chipped.bordered_glass_pane": true,
      "chipped.sliding_door": true,
      "chipped.bordered_glass": true,
      "mcwdoors.bamboo_door": true,
      "mcwdoors.glass_door": true,
      "chipped.shack_door": true,
      "chipped.diagonal_planks": true,
      "mcwfences.horse_fence": true,
      "mcwdoors.mystic_door": true,
      "mcwroofs.planks_steep_roof": true,
      "create.window": true,
      "mcwbridges.rail_bridge": true,
      "chipped.crate": true,
      "chipped.nailed_planks": true,
      "chipped.cornered_planks": true,
      "chipped.shifted_planks": true,
      "chipped.vertical_planks": true,
      "chipped.fortified_door": true,
      "mcwwindows.four_window": true,
      "chipped.snowflake_glass": true,
      "chipped.heavy_door": true,
      "mcwwindows.plank_parapet": true,
      "mcwwindows.blinds": true,
      "chipped.stacked_planks": true,
      "mcwroofs.planks_lower_roof": true,
      "chipped.twisted_trapdoor": true,
      "mcwwindows.window": true,
      "mcwwindows.shutter": true,
      "chipped.diamond_planks": true,
      "chipped.woven_glass_pane": true,
      "mcwdoors.bark_glass_door": true,
      "mcwtrpdoors.mystic_trapdoor": true
    }
  }
}