{
  "#README": "This config file does not support comments. To see them configure it in-game using YACL or Cloth Config",
  "general": {
    "creative_tab": true,
    "assets_depend_on_loaded_packs": true,
    "save_debug_resources": false,
    "debug_packet": false
  },
  "types": {
    "wood_type": {
      "betterarcheology.rotten": true,
      "biomemakeover.blighted_balsa": true,
      "biomemakeover.willow": true,
      "biomemakeover.swamp_cypress": true,
      "biomemakeover.ancient_oak": true,
      "promenade.sakura": true,
      "promenade.maple": true,
      "promenade.palm": true,
      "promenade.dark_amaranth": true
    },
    "leaves_type": {
      "biomemakeover.blighted_balsa": true,
      "biomemakeover.willow": true,
      "biomemakeover.swamp_cypress": true,
      "biomemakeover.ancient_oak": true,
      "croptopia.cinnamon": true,
      "vinery.grapevine": true,
      "vinery.cherry": true,
      "vinery.apple": true,
      "promenade.sap_maple": true,
      "promenade.vermilion_maple": true,
      "promenade.fulvous_maple": true,
      "promenade.mikado_maple": true,
      "promenade.palm": true,
      "promenade.snowy_spruce": true,
      "terrestria.cypress": true,
      "terrestria.hemlock": true,
      "terrestria.rainbow_eucalyptus": true,
      "terrestria.redwood": true,
      "terrestria.japanese_maple": true,
      "terrestria.rubber": true,
      "terrestria.willow": true,
      "terrestria.sakura": true,
      "terrestria.yucca_palm": true,
      "terrestria.dark_japanese_maple": true,
      "terrestria.japanese_maple_shrub": true,
      "terrestria.jungle_palm": true,
      "traverse.red_autumnal": true,
      "traverse.brown_autumnal": true,
      "traverse.orange_autumnal": true,
      "traverse.yellow_autumnal": true,
      "traverse.fir": true
    },
    "cake": {}
  },
  "entries": {
    "wood_type": {
      "mcwdoors.nether_door": true,
      "mcwdoors.stable_head_door": true,
      "mcwwindows.plank_window": true,
      "mcwtrpdoors.ranch_trapdoor": true,
      "mcwwindows.louvered_shutter": true,
      "mcwdoors.japanese2_door": true,
      "mcwfences.highley_gate": true,
      "mcwtrpdoors.classic_trapdoor": true,
      "mcwbridges.bridge_pier": true,
      "mcwtrpdoors.bamboo_trapdoor": true,
      "create.window_pane": true,
      "mcwdoors.tropical_door": true,
      "mcwdoors.barn_glass_door": true,
      "mcwdoors.cottage_door": true,
      "mcwdoors.four_panel_door": true,
      "mcwtrpdoors.beach_trapdoor": true,
      "mcwwindows.plank_window2": true,
      "mcwbridges.rope_bridge_stair": true,
      "mcwwindows.pane_window": true,
      "mcwtrpdoors.swamp_trapdoor": true,
      "mcwdoors.western_door": true,
      "mcwwindows.plank_pane_window": true,
      "mcwwindows.stripped_pane_window": true,
      "mcwdoors.paper_door": true,
      "mcwtrpdoors.barn_trapdoor": true,
      "mcwtrpdoors.four_panel_trapdoor": true,
      "mcwdoors.bamboo_door": true,
      "mcwwindows.plank_four_window": true,
      "mcwtrpdoors.glass_trapdoor": true,
      "mcwdoors.swamp_door": true,
      "mcwdoors.glass_door": true,
      "mcwfences.picket_fence": true,
      "mcwtrpdoors.barred_trapdoor": true,
      "mcwtrpdoors.blossom_trapdoor": true,
      "mcwwindows.stripped_log_window2": true,
      "mcwdoors.beach_door": true,
      "friendsandfoes.beehive": true,
      "mcwwindows.log_parapet": true,
      "mcwbridges.log_bridge_stair": true,
      "mcwwindows.window2": true,
      "mcwfences.horse_fence": true,
      "mcwdoors.barn_door": true,
      "mcwdoors.mystic_door": true,
      "create.window": true,
      "mcwbridges.rail_bridge": true,
      "farmersdelight.cabinet": true,
      "mcwtrpdoors.tropical_trapdoor": true,
      "mcwwindows.stripped_log_four_window": true,
      "mcwwindows.four_window": true,
      "mcwtrpdoors.cottage_trapdoor": true,
      "twigs.table": true,
      "mcwbridges.rope_bridge": true,
      "mcwwindows.plank_parapet": true,
      "mcwwindows.blinds": true,
      "mcwdoors.japanese_door": true,
      "mcwwindows.window": true,
      "mcwwindows.shutter": true,
      "mcwfences.pyramid_gate": true,
      "mcwfences.stockade_fence": true,
      "mcwtrpdoors.paper_trapdoor": true,
      "mcwdoors.bark_glass_door": true,
      "mcwtrpdoors.bark_trapdoor": true,
      "mcwdoors.classic_door": true,
      "mcwfences.wired_fence": true,
      "mcwbridges.log_bridge_middle": true,
      "mcwdoors.stable_door": true,
      "mcwtrpdoors.mystic_trapdoor": true,
      "mcwdoors.modern_door": true,
      "mcwwindows.stripped_log_window": true
    },
    "leaves_type": {
      "mcwfences.hedge": true
    }
  }
}